{
  "loss": [
    0.8809197545051575,
    0.5329256057739258,
    0.34272104501724243,
    0.20690631866455078,
    0.1353888362646103,
    0.10457241535186768,
    0.06086312606930733,
    0.03858509287238121
  ],
  "accuracy": [
    0.609375,
    0.7578125,
    0.839062511920929,
    0.918749988079071,
    0.9515625238418579,
    0.964062511920929,
    0.984375,
    0.9937499761581421
  ],
  "precision": [
    0.604938268661499,
    0.7538940906524658,
    0.8369905948638916,
    0.9262820482254028,
    0.9526813626289368,
    0.9682539701461792,
    0.9873417615890503,
    0.9937106966972351
  ],
  "recall": [
    0.6163522005081177,
    0.7610062956809998,
    0.8396226167678833,
    0.9088050127029419,
    0.9496855139732361,
    0.9591194987297058,
    0.9811320900917053,
    0.9937106966972351
  ],
  "val_loss": [
    0.7027769088745117,
    0.755318284034729,
    0.7262210845947266,
    0.6913661360740662,
    0.6809018850326538,
    0.7753070592880249,
    0.8389531970024109,
    0.8667529821395874
  ],
  "val_accuracy": [
    0.5375000238418579,
    0.5874999761581421,
    0.6187499761581421,
    0.65625,
    0.6499999761581421,
    0.643750011920929,
    0.612500011920929,
    0.606249988079071
  ],
  "val_precision": [
    0.5199999809265137,
    0.695652186870575,
    0.6842105388641357,
    0.65625,
    0.641791045665741,
    0.7368420958518982,
    0.6857143044471741,
    0.6666666865348816
  ],
  "val_recall": [
    0.1733333319425583,
    0.2133333384990692,
    0.3466666638851166,
    0.5600000023841858,
    0.5733333230018616,
    0.3733333349227905,
    0.3199999928474426,
    0.3199999928474426
  ],
  "lr": [
    0.0010000000474974513,
    0.0010000000474974513,
    0.0010000000474974513,
    0.0005000000237487257,
    0.0005000000237487257,
    0.0005000000237487257,
    0.0005000000237487257,
    0.0002500000118743628
  ]
}