{
  "accuracy": [
    0.8953857421875,
    0.9412841796875,
    0.949951171875,
    0.951171875,
    0.955078125
  ],
  "loss": [
    0.29204416275024414,
    0.1624932736158371,
    0.13494838774204254,
    0.13317102193832397,
    0.12335042655467987
  ],
  "val_accuracy": [
    0.9648972749710083,
    0.9571917653083801,
    0.9674657583236694,
    0.9743150472640991,
    0.9589040875434875
  ],
  "val_loss": [
    0.112445168197155,
    0.12486110627651215,
    0.08727148175239563,
    0.08641990274190903,
    0.10052517056465149
  ],
  "learning_rate": [
    0.0010000000474974513,
    0.0010000000474974513,
    0.0010000000474974513,
    0.0010000000474974513,
    0.0010000000474974513
  ]
}