{
  "loss": [
    0.8821684122085571,
    0.551765501499176,
    0.43183499574661255,
    0.3212070167064667,
    0.26628577709198,
    0.20664851367473602,
    0.1256682276725769,
    0.06388644129037857
  ],
  "accuracy": [
    0.5874999761581421,
    0.7289062738418579,
    0.8062499761581421,
    0.85546875,
    0.8929687738418579,
    0.91796875,
    0.952343761920929,
    0.981249988079071
  ],
  "precision": [
    0.5758998394012451,
    0.7249190807342529,
    0.7913446426391602,
    0.8384615182876587,
    0.889776349067688,
    0.9113923907279968,
    0.9504792094230652,
    0.9732283353805542
  ],
  "recall": [
    0.5888000130653381,
    0.7167999744415283,
    0.8191999793052673,
    0.871999979019165,
    0.8912000060081482,
    0.9215999841690063,
    0.9520000219345093,
    0.9887999892234802
  ],
  "val_loss": [
    0.8487135171890259,
    0.7610195279121399,
    0.7574536204338074,
    0.7247406244277954,
    0.7960835695266724,
    0.9846333265304565,
    0.8409855961799622,
    0.9901530146598816
  ],
  "val_accuracy": [
    0.543749988079071,
    0.612500011920929,
    0.643750011920929,
    0.6968749761581421,
    0.671875,
    0.653124988079071,
    0.684374988079071,
    0.6937500238418579
  ],
  "val_precision": [
    0.699999988079071,
    0.779411792755127,
    0.7666666507720947,
    0.7152317762374878,
    0.6540540456771851,
    0.7217391133308411,
    0.7103448510169983,
    0.7962962985038757
  ],
  "val_recall": [
    0.17283950746059418,
    0.327160507440567,
    0.42592594027519226,
    0.6666666865348816,
    0.7469135522842407,
    0.5123456716537476,
    0.6358024477958679,
    0.5308641791343689
  ],
  "lr": [
    0.0010000000474974513,
    0.0010000000474974513,
    0.0010000000474974513,
    0.0010000000474974513,
    0.0010000000474974513,
    0.0010000000474974513,
    0.0005000000237487257,
    0.0005000000237487257
  ]
}