{
  "accuracy": [
    0.6617646813392639,
    0.7363970875740051,
    0.7455882430076599,
    0.7661764621734619,
    0.7860293984413147,
    0.8051470518112183,
    0.8084558844566345,
    0.8272058963775635,
    0.8474264740943909,
    0.8522058725357056,
    0.8617647290229797,
    0.8713235259056091,
    0.8816176652908325,
    0.8926470875740051,
    0.8919117450714111,
    0.8977941274642944,
    0.9095588326454163
  ],
  "loss": [
    0.702202320098877,
    0.55958092212677,
    0.5515422821044922,
    0.5120972990989685,
    0.4705770015716553,
    0.4251003563404083,
    0.42135924100875854,
    0.3953040540218353,
    0.34448644518852234,
    0.33665233850479126,
    0.32141628861427307,
    0.29089927673339844,
    0.2748042047023773,
    0.2461521327495575,
    0.2362622618675232,
    0.24494196474552155,
    0.21843023598194122
  ],
  "val_accuracy": [
    0.6973684430122375,
    0.7394737005233765,
    0.7605262994766235,
    0.7868421077728271,
    0.7894737124443054,
    0.8026315569877625,
    0.8342105150222778,
    0.8315789699554443,
    0.8421052694320679,
    0.8368421196937561,
    0.8605263233184814,
    0.8736842274665833,
    0.8763157725334167,
    0.8894736766815186,
    0.9131578803062439,
    0.9078947305679321,
    0.8894736766815186
  ],
  "val_loss": [
    0.5920509696006775,
    0.5531834363937378,
    0.5110883116722107,
    0.46851035952568054,
    0.46645018458366394,
    0.4437828063964844,
    0.4245246946811676,
    0.38707563281059265,
    0.3760128915309906,
    0.35104674100875854,
    0.32682642340660095,
    0.43237096071243286,
    0.299862802028656,
    0.24682676792144775,
    0.22823728621006012,
    0.21823760867118835,
    0.29148396849632263
  ],
  "learning_rate": [
    9.999999747378752e-05,
    9.999999747378752e-05,
    9.999999747378752e-05,
    9.999999747378752e-05,
    9.999999747378752e-05,
    9.999999747378752e-05,
    9.999999747378752e-05,
    9.999999747378752e-05,
    9.999999747378752e-05,
    9.999999747378752e-05,
    9.999999747378752e-05,
    9.999999747378752e-05,
    9.999999747378752e-05,
    9.999999747378752e-05,
    9.999999747378752e-05,
    9.999999747378752e-05,
    9.999999747378752e-05
  ]
}